{
  "cs_fit": [],
  "cs": {
    "isNotEmpty": true,
    "Theta": [
      0.7,
      1.4,
      2.1,
      2.8,
      3.5,
      4.2,
      4.9,
      5.6,
      6.3,
      7,
      7.71,
      8.41,
      9.11,
      9.81,
      10.51,
      11.22,
      11.92,
      12.63,
      13.33,
      14.03,
      14.74,
      15.45,
      16.15,
      16.86,
      17.57,
      18.28,
      18.99,
      19.7,
      20.41,
      21.12,
      21.83,
      22.54,
      23.26,
      23.97,
      24.69,
      25.41,
      26.12,
      26.84,
      27.56,
      28.28,
      29.01,
      29.73,
      30.45,
      31.18,
      31.91,
      32.64,
      33.37,
      34.1,
      34.83
    ],
    "cs": [
      1.001927,
      0.998682,
      1.013108,
      0.9893169,
      1.006518,
      1.044468,
      0.9405189,
      0.9267564,
      1.015158,
      1.066113,
      1.144741,
      1.22045,
      1.179354,
      1.05506,
      0.9565162,
      0.8922617,
      0.7968219,
      0.6568474,
      0.5286334,
      0.4542705,
      0.4130049,
      0.3600721,
      0.2848584,
      0.215647,
      0.1781828,
      0.1657337,
      0.1517985,
      0.1222048,
      0.08722727,
      0.06483004,
      0.05933385,
      0.05927349,
      0.05236275,
      0.03792593,
      0.02454107,
      0.01896909,
      0.01975437,
      0.02059569,
      0.01750128,
      0.01177864,
      0.00724063,
      0.00593505,
      0.006747115,
      0.007258661,
      0.006201449,
      0.004157171,
      0.002458234,
      0.001827843,
      0.001986678
    ],
    "cs_near": [
      1329746000,
      82315570,
      16750210,
      5083382,
      2176972,
      1023814,
      539513.5,
      303456.6,
      198926.9,
      144048.8,
      105430.5,
      76205.5,
      54372.66,
      38207.95,
      26380.82,
      17934.26,
      12094.78,
      8183.603,
      5618.631,
      3938.617,
      2812.122,
      2024.255,
      1449.242,
      1019.719,
      700.6244,
      471.1149,
      314.5041,
      214.3561,
      154.3247,
      119.5831,
      98.3309,
      82.5847,
      68.06658,
      53.4017,
      39.0036,
      26.00766,
      15.48671,
      8.028952,
      3.634944,
      1.825683,
      1.844475,
      2.863336,
      4.144611,
      5.142294,
      5.546655,
      5.281821,
      4.465631,
      3.341229,
      2.193202
    ],
    "cs_far": [
      2036.103,
      1280.701,
      1112.834,
      995.2601,
      792.6753,
      536.4104,
      303.8707,
      143.5587,
      58.2792,
      24.75198,
      17.19607,
      18.55748,
      20.74112,
      20.99832,
      18.96285,
      15.19764,
      10.62012,
      6.213005,
      2.800024,
      0.8754272,
      0.5225099,
      1.43848,
      3.053347,
      4.706117,
      5.828294,
      6.085438,
      5.441528,
      4.134003,
      2.573095,
      1.200371,
      0.3518978,
      0.1677029,
      0.5720481,
      1.324229,
      2.116062,
      2.678499,
      2.860555,
      2.65769,
      2.187461,
      1.629191,
      1.154512,
      0.874356,
      0.8174336,
      0.9409124,
      1.162109,
      1.394727,
      1.575432,
      1.673976,
      1.688624
    ]
  },
  "polariz_fit": [],
  "polariz": {
    "isNotEmpty": true,
    "total": 50,
    "Theta_cm": [
      0.7,
      1.4,
      2.1,
      2.8,
      3.501,
      4.201,
      4.901,
      5.602,
      6.303,
      7.004,
      7.706,
      8.407,
      9.109,
      9.812,
      10.514,
      11.218,
      11.921,
      12.625,
      13.329,
      14.034,
      14.74,
      15.446,
      16.153,
      16.86,
      17.568,
      18.276,
      18.985,
      19.695,
      20.406,
      21.118,
      21.83,
      22.543,
      23.257,
      23.972,
      24.688,
      25.405,
      26.123,
      26.842,
      27.562,
      28.283,
      29.006,
      29.729,
      30.454,
      31.18,
      31.908,
      32.636,
      33.366,
      34.098,
      34.831
    ],
    "Polarization": [
      0,
      0,
      0,
      0,
      0,
      0,
      0,
      0,
      0,
      0,
      0,
      0,
      0,
      0,
      0,
      0,
      0,
      0,
      0,
      0,
      0,
      0,
      0,
      0,
      0,
      0,
      0,
      0,
      0,
      0,
      0,
      0,
      0,
      0,
      0,
      0,
      0,
      0,
      0,
      0,
      0,
      0,
      0,
      0,
      0,
      0,
      0,
      0,
      0
    ],
    "T20": [
      0,
      0,
      0,
      0,
      0,
      0,
      0,
      0,
      0,
      0,
      0,
      0,
      0,
      0,
      0,
      0,
      0,
      0,
      0,
      0,
      0,
      0,
      0,
      0,
      0,
      0,
      0,
      0,
      0,
      0,
      0,
      0,
      0,
      0,
      0,
      0,
      0,
      0,
      0,
      0,
      0,
      0,
      0,
      0,
      0,
      0,
      0,
      0,
      0
    ],
    "T21": [
      0,
      0,
      0,
      0,
      0,
      0,
      0,
      0,
      0,
      0,
      0,
      0,
      0,
      0,
      0,
      0,
      0,
      0,
      0,
      0,
      0,
      0,
      0,
      0,
      0,
      0,
      0,
      0,
      0,
      0,
      0,
      0,
      0,
      0,
      0,
      0,
      0,
      0,
      0,
      0,
      0,
      0,
      0,
      0,
      0,
      0,
      0,
      0,
      0
    ],
    "T22": [
      0,
      0,
      0,
      0,
      0,
      0,
      0,
      0,
      0,
      0,
      0,
      0,
      0,
      0,
      0,
      0,
      0,
      0,
      0,
      0,
      0,
      0,
      0,
      0,
      0,
      0,
      0,
      0,
      0,
      0,
      0,
      0,
      0,
      0,
      0,
      0,
      0,
      0,
      0,
      0,
      0,
      0,
      0,
      0,
      0,
      0,
      0,
      0,
      0
    ]
  },
  "pot_fit": [],
  "pot": {
    "isNotEmpty": true,
    "R": [
      null
    ],
    "V": [
      null
    ],
    "W": [
      null
    ]
  },
  "SJL_fit": [],
  "SJL": {
    "isNotEmpty": true,
    "L": [
      0,
      1,
      2,
      3,
      4,
      5,
      6,
      7,
      8,
      9,
      10,
      11,
      12,
      13,
      14,
      15,
      16,
      17,
      18,
      19,
      20,
      21,
      22,
      23,
      24,
      25,
      26,
      27,
      28,
      29,
      30,
      31,
      32,
      33,
      34,
      35,
      36,
      37,
      38,
      39
    ],